{
	"contents":[
		{
			"title":"策略",
			"data1":"空头持仓",
			"data2":"空头持仓",
			"data3":"空头持仓",
			"data4":"空头持仓",
			"data5":"空头持仓"
		},
		{
			"title":"策略",
			"data1":"空头持仓",
			"data2":"空头持仓",
			"data3":"空头持仓",
			"data4":"空头持仓",
			"data5":"空头持仓"
		},
		{
			"title":"策略",
			"data1":"空头持仓",
			"data2":"空头持仓",
			"data3":"空头持仓",
			"data4":"空头持仓",
			"data5":"空头持仓"
		},
		{
			"title":"策略",
			"data1":"空头持仓",
			"data2":"空头持仓",
			"data3":"空头持仓",
			"data4":"空头持仓",
			"data5":"空头持仓"
		},
		{
			"title":"策略",
			"data1":"空头持仓",
			"data2":"空头持仓",
			"data3":"空头持仓",
			"data4":"空头持仓",
			"data5":"空头持仓"
		},
		{
			"title":"策略",
			"data1":"空头持仓",
			"data2":"空头持仓",
			"data3":"空头持仓",
			"data4":"空头持仓",
			"data5":"空头持仓"
		},
	]
}