{
	"code":200,
	"message":"成功",
	"data":[
		{
			"businessImg":"http://.jpg",
			"businessName":"CoCo都可(致远大厦)",
			"averagePrice":"13",
			"distance":"<500m",
			"place":"打浦桥",
			"service":"奶茶/果茶"
		},
		{
			"businessImg":"http://.jpg",
			"businessName":"百果园",
			"averagePrice":"31",
			"distance":"<500m",
			"place":"打浦桥",
			"service":"水果"
		},
		{
			"businessImg":"http://.jpg",
			"businessName":"蛙来哒炭烧牛蛙",
			"averagePrice":"98",
			"distance":"510m",
			"place":"日月光中心广场",
			"service":"湘菜"
		},
		{
			"businessImg":"http://.jpg",
			"businessName":"煌庭.壹泰东南亚主题餐厅",
			"averagePrice":"102",
			"distance":"1.7km",
			"place":"新天地/马当路",
			"service":"泰国菜"
		},
		{
			"businessImg":"http://.jpg",
			"businessName":"九鼎轩脆毛肚火锅",
			"averagePrice":"117",
			"distance":"<500m",
			"place":"打浦桥",
			"service":"川味火锅"
		},
		{
			"businessImg":"http://.jpg",
			"businessName":"杜源铺港式奶茶",
			"averagePrice":"19",
			"distance":"<500m",
			"place":"打浦桥",
			"service":"奶茶/果汁"
		},
		{
			"businessImg":"http://.jpg",
			"businessName":"渝利火锅",
			"averagePrice":"116",
			"distance":"653m",
			"place":"日月光中心广场",
			"service":"重庆火锅"
		},
		{
			"businessImg":"http://.jpg",
			"businessName":"溪雨观酸菜鱼",
			"averagePrice":"82",
			"distance":"620m",
			"place":"打浦桥/田子坊",
			"service":"酸菜鱼/..."
		},
		{
			"businessImg":"http://.jpg",
			"businessName":"猪啊牛啊羊啊水煎肉",
			"averagePrice":"78",
			"distance":"716m",
			"place":"日月光中心广场",
			"service":"韩式烤肉"
		},
		{
			"businessImg":"http://.jpg",
			"businessName":"汉堡王",
			"averagePrice":"33",
			"distance":"590m",
			"place":"打浦桥/田子坊",
			"service":"快餐"
		},
		{
			"businessImg":"http://.jpg",
			"businessName":"又见鱼东南亚烤鱼",
			"averagePrice":"81",
			"distance":"643m",
			"place":"日月光中心广航",
			"service":"烤鱼"
		},
		{
			"businessImg":"http://.jpg",
			"businessName":"Lotus land",
			"averagePrice":"102",
			"distance":"802m",
			"place":"日月光中心广场",
			"service":"印度菜"
		},
		{
			"businessImg":"http://.jpg",
			"businessName":"来伊份",
			"averagePrice":"43",
			"distance":"<500m",
			"place":"打浦桥",
			"service":"零食"
		},
		{
			"businessImg":"http://.jpg",
			"businessName":"今日牛事潮汕牛肉火锅",
			"averagePrice":"117",
			"distance":"<500m",
			"place":"肇嘉浜路/中山医院",
			"service":"潮汕火锅"
		},
		{
			"businessImg":"http://.jpg",
			"businessName":"快乐柠檬",
			"averagePrice":"19",
			"distance":"650",
			"place":"日月光中心广场",
			"service":"奶茶/果汁"
		},
		{
			"businessImg":"http://.jpg",
			"businessName":"煎子生",
			"averagePrice":"27",
			"distance":"4.3km",
			"place":"外滩",
			"service":"生煎"
		},
		{
			"businessImg":"http://.jpg",
			"businessName":"上海滩餐厅",
			"averagePrice":"495",
			"distance":"3.8km",
			"place":"外滩",
			"service":"其它上海菜"
		}
		
	]
}